{
  "accuracy": 0.9998648355551644,
  "precision": 0.9065782200110558,
  "recall": 0.9981740718198417,
  "f1": 0.9501738122827347,
  "roc_auc": 0.9996380937756013,
  "pr_auc": 0.998495950280231
}